domain,facebook_page
27east.com,27east
4bcaonline.com,BCAdvertiser
abc.net.au,abc
abc7.com,ABC7
abcnews.go.com,ABCNews
aberdeennews.com,theaberdeennews
abqjournal.com,TheAlbuquerqueJournal
abs-cbn.com,abscbnNEWS
adirondackdailyenterprise.com,AdkEnterprise
adn.com,akdispatch
advocate.com,TheAdvocate
advocateanddemocrat.com,The-Advocate-Democrat
advocatepress.com,ClayCountyAdvocatePress
adweek.com,Adweek
afp.com,
afr.com,financialreview
aikenstandard.com,aikenstandard
aim.org,AccuracyInMedia
airforcetimes.com,AirForceTimes
ajc.com,ajc
ajnews.com,The-Apache-JunctionGold-Canyon-News
akron.com,akrondotcom
akronhometowner.com,The-Akron-Hometowner
al.com,birminghamnews
alamosanews.com,Alamosa-Valley-Courier
alibi.com,weeklyalibi
aljazeera.com,aljazeera
alligator.org,floridaalligator
allotsego.com,allotsego1808
alternet.org,AlterNetNews
altoonamirror.com,AltoonaMirror
amarillo.com,amarilloglobenews
americanbazaaronline.com,americanbazaaronline
americanpress.com,americanpress
americanthinker.com,AmericanThinker
amestrib.com,AmesTribune
amny.com,amnewyork
anchoragepress.com,anchoragepress
annistonstar.com,annistonstar
apg-wi.com,Ashland-Daily-Press
apnews.com,APNews
app.com,asburyparkpress
appeal-democrat.com,appealdemocrat
arcamax.com,ArcaMaxPublishing
ardmoreite.com,The-Ardmoreite
argonautnews.com,TheArgonautNewspaper
argusleader.com,argusleader
arkansasonline.com,arkansasonline
arktimes.com,arkansastimes
armenianweekly.com,ArmenianWeekly
armytimes.com,armytimes
aroundosceola.com,Osceola-News-Gazette
artvoice.com,artvoiceav
asahi.com,
aspendailynews.com,aspendailynews
aspentimes.com,AspenTimes
athensmessenger.com,athensmessenger
atlantablackstar.com,ATLBlackStar
atlantadailyworld.com,Atlanta-Daily-World
attn.com,attn
auburnpub.com,auburncitizen
augusta.com,TheAugustaChronicle
augustafreepress.com,AugustaFreePress
auroraadvertiser.net,The-Aurora-Advertiser
auroranewsregister.com,auroranewsregister
austinchronicle.com,AustinChronicle
austindailyherald.com,austindailyherald
avenuenews.com,theavenuenews
axios.com,axiosnews
azcapitoltimes.com,azcapitoltimes
azcentral.com,azcentral
azdailysun.com,ArizonaDailySun
bainbridgereview.com,BainbridgeReview
bakersfield.com,BakersfieldCalifornian
baltimoresun.com,baltimoresun
bangordailynews.com,bangordailynews
bastropenterprise.com,BastropEnterprise
battlecreekenquirer.com,battlecreekenquirer
baxterbulletin.com,bulletin.newsroom
baycitytribune.com,The-Bay-City-Tribune
baytownsun.com,BaytownSun
bbc.co.uk,bbc
bbc.com,bbcnews
bcdemocratonline.com,Bent-County-Democrat
bcrnews.com,bcrnews
bdtonline.com,bdtonline
beaconseniornews.com,BeaconSeniorNews
beatricedailysun.com,BeatriceDailySun
beaumontenterprise.com,bmtenterprise
beauregarddailynews.net,beauregardnews
beforeitsnews.com,
belleplaineherald.com,belleplaineherald
bellevilleareaindependent.com,
bellevueheraldleader.com,Bellevue-Herald-Leader
bellinghamherald.com,bellinghamherald
beloitdailynews.com,BeloitDailyNews
bemidjipioneer.com,bemidjipioneer
bendbulletin.com,bendbulletin
benningtonbanner.com,benningtonbanner
bentoncourier.com,Saline-Courier
berthoudsurveyor.com,BerthoudSurveyor
beverlyreview.net,beverlyreview
bgdailynews.com,bgdailynews
bhcourier.com,BHCourier
billingsgazette.com,billingsgazette
billoreilly.com,billoreillyofficial
bipartisanreport.com,Bipartisanism
birminghamtimes.com,birmingham.times
bismarcktribune.com,BisTrib
bizjournals.com,birminghambusinessjournal
bizpacreview.com,bizpacreview
biztimes.com,BizTimesMedia
blackamericaweb.com,BlackAmericaWeb
blacknews.com,blacknews
blackwelljournaltribune.net,BlackwellJournalTribune
bladenjournal.com,The-Bladen-Journal
blavity.com,Blavity
bloomberg.com,bloombergbusiness
blueridgenow.com,blueridgenow
blufftontoday.com,BlufftonToday
bnd.com,Belleville-News-Democrat
boiseweekly.com,boiseweekly
boonevilledemocrat.com,Booneville-Democrat
boston.com,boston
bostonglobe.com,globe
bostonherald.com,Boston-Herald
bostonreview.net,bostonreview
bowienewsonline.com,bowienews
bozemandailychronicle.com,dailychronicle
bradenton.com,BradentonHeraldNews
bradfordera.com,The-Bradford-Era
brainerddispatch.com,brainerddispatch
bransontrilakesnews.com,BransonTriLakesNews
breitbart.com,Breitbart
brewtonstandard.com,The-Brewton-Standard
bridgton.com,thebridgtonnews
broadcastingcable.com,BroadcastingandCable
brooklyneagle.com,BrooklynEagle
brooklynreporter.com,Home-Reporter
broomfieldenterprise.com,BroomfieldEnterprise
browardpalmbeach.com,newtimesbpb
brownsvilleherald.com,BrownsvilleHeraldNews
bryantimes.com,bryantimes
buckscountycouriertimes.com,buckscouriertimes
buckscountyherald.com,Bucks-County-Herald-Newspaper
buffalonews.com,TheBuffaloNews
buffaloreflex.com,BuffaloReflex
burlingtoncountytimes.com,burlingtoncountytimes
burlingtonfreepress.com,bfpnews
business-standard.com,bsindia
businessinsider.com,businessinsider
businessjournaldaily.com,thebusinessjournal
businessobserverfl.com,BusinessObserverFL
businessreport.com,businessreport
buzzfeed.com,BuzzFeed
buzzfeednews.com,BuzzFeedNews
c-span.org,CSPAN
calgaryherald.com,facebook.com
calgarysun.com,thecalgarysun
caller.com,callertimes
campusreform.org,CampusReform
canadafreepress.com,
canberratimes.com.au,CanberraTimes
candgnews.com,BirminghamBloomfieldEagle
canoncitydailyrecord.com,CanonCityDailyRecord
cantonrep.com,CantonRep
canyon-news.com,canyon.news.la
capecodchronicle.com,Cape-Cod-Chronicle
capecodtimes.com,capecodtimes
capegazette.com,CapeGazette
capemaycountyherald.com,heraldnewspapers
capenews.net,enterprisenewspapers
capitalgazette.com,capitalgazette
capitalpress.com,capitalpress
carmitimes.com,The-Carmi-Times
carolinacoastonline.com,CarteretNewsTimes
carrollconews.com,carrollcountynews
carrollcountycomet.com,
carycitizen.com,carycitizen
cassville-democrat.com,CassvilleDemocrat
cbc.ca,cbc
cbn.com,cbnonline
cbs.com,CBS
cbslocal.com,CBSLocal
cbsnews.com,CBSNews
cdapress.com,CDAPress
cdispatch.com,TheDispatch
cecildaily.com,CecilWhig
cedarrepublican.com,CedarCountyRepublican
centraljersey.com,CranburyPress
centralmaine.com,kennebecjournal
centredaily.com,centredaily
cerescourier.com,cerescourier
chaffeecountytimes.com,The-Chaffee-County-Times
charlescitypress.com,charlescitypress
charlestonbusiness.com,CharlestonBusiness
charlestoncitypaper.com,charlestoncitypaper
charlotteobserver.com,thecharlotteobserver
chattanoogan.com,TheChattanoogan
chetekalert.com,chetekalert
chicagobusiness.com,crainschicago
chicagocrusader.com,thecrusader.newspaper.7
chicagodefender.com,TheChicagoDefender
chicagomaroon.com,chicagomaroon
chicagoreader.com,chicagoreader
chicagoreporter.com,TheChicagoReporter
chicagotribune.com,TheBeaconNews
chicoer.com,ChicoER
chieftain.com,ThePuebloChieftain
chillicothegazette.com,ChillicotheGazette
chinadaily.com.cn,chinadaily
chinookobserver.com,ChinookObserver
chipleypaper.com,Washington-County-NewsHolmes-County-Advertiser
chippewa.com,ChippewaHerald
chisagocountypress.com,Chisago-County-Press-180208093755
choctawsun.org,choctawsun
chron.com,clevelandAdvocate
chronicleonline.com,citruscountychronicle
chroniclet.com,ChronicleTelegram
chroniclingamerica.loc.gov,libraryofcongress
chronline.com,thecentraliachronicle
cincinnati.com,Enquirer
citizen-times.com,AVLCitizenTimes
citizensvoice.com,citizensvoice
citizentribune.com,CitizenTribune
city-journal.org,CityJournal
citybeat.com,CincinnatiCityBeat
citypages.com,citypages
citypaper.com,baltimorecitypaper
cityweekly.net,slcweekly
civilbeat.org,civilbeat
cjonline.com,TopekaCapitalJournal
cjr.org,columbiajournalismreview
clantonadvertiser.com,clantonadvertiser
clarecountyreview.com,The-Clare-County-Review
claremont-courier.com,claremont.courier
claremoreprogress.com,claremore.d.progress
clarionledger.com,clarionledger
claytodayonline.com,ClayTodayFL
clclt.com,clclt
cleburnetimesreview.com,ctrnews
cleveland.com,clevelandcom
clevelandbanner.com,Cleveland-Daily-Banner
clevescene.com,ClevelandScene
clintonherald.com,clintonherald
clintonnc.com,The-Sampson-Independent
cnbc.com,cnbc
cnn.com,cnn
cnsnews.com,cnsnewscom
coastalcourier.com,Coastal-Courier
collegemagazine.com,collegemag
coloradoan.com,Coloradoan
colorlines.com,colorlines
columbiabasinherald.com,cbherald
columbiamissourian.com,ColumbiaMissourian
columbian.com,thecolumbian
columbiatribune.com,ColumbiaDailyTribune
columbusalive.com,columbusalive
columbustelegram.com,columbustelegram
commentarymagazine.com,commentarymagazine
commercialappeal.com,commercialappeal
commondreams.org,commondreams.org
concordmonitor.com,ConcordMonitor
conservativereview.com,ConservativeReview
conservativetribune.com,
consortiumnews.com,
conwaydailysun.com,TheConwayDailySun
cookcountynews-herald.com,
cookpolitical.com,CookPolitical
cornellsun.com,cornellsun
counterpunch.org,CounterPunchOrg
courant.com,hartfordcourant
courier-journal.com,courierjournal
courier-tribune.com,CourierTribune
courieranywhere.com,CourierAnywhere
couriermail.com.au,couriermail
courierpostonline.com,courierpost
courierpress.com,courierpress
coveleaderpress.com,Copperas-Cove-Leader-Press
crainsdetroit.com,CrainsDetroit
crainsnewyork.com,crainsnewyork
creators.com,creatorsnation
crescent-news.com,crescentnews
crisismagazine.com,CrisisMagazine
crooked.com,crookedmedia
crooksandliars.com,crooksandliars.site
crowrivermedia.com,Hutchinson-Leader
crtv.com,
csindy.com,csindependent
csmonitor.com,ChristianScienceMonitor
ctnow.com,CTNow
ctpost.com,ctpost
ctvnews.ca,
cullmantimes.com,The-Cullman-Times
cumberlink.com,Cumberlink
currentaffairs.org,curaffairs
cvbugle.com,CVbugle
daily-chronicle.com,dekalb.daily.chronicle
daily-journal.com,The-Daily-Journal
daily-times.com,FDTNews
daily-tribune.com,Cartersville-Daily-Tribune
dailyadvance.com,The-Daily-Advance
dailyadvocate.com,advocate360
dailyastorian.com,DailyAstorian
dailybreeze.com,dailybreeze
dailybruin.com,dailybruin
dailybulletin.com,dailybulletin
dailycal.org,dailycal
dailycaller.com,DailyCaller
dailycamera.com,dailycamera
dailycomet.com,dailycomet
dailycommercial.com,daily.commercial
dailydemocrat.com,dailydemocrat
dailydot.com,dailydot
dailyfreeman.com,Freeman
dailygazette.com,DailyGazette
dailygreatest.com,
dailyherald.com,DailyHeraldFans
dailyindependent.com,The-Independent
dailyinterlake.com,Dailyinterlake
dailyitem.com,TheDailyItem
dailyjournal.net,DailyJournalNews
dailyjournalonline.com,dailyjournalonline
dailykos.com,dailykos
dailylocal.com,dailylocalnews
dailymail.co.uk,DailyMail
dailynews.com,ladailynews
dailynorthwestern.com,thedailynorthwestern
dailypostathenian.com,dailypostathenian
dailypress.com,hamptonnews
dailyprogress.com,OrangeCountyReview
dailyrecord.com,dailyrecordnews
dailyregister.com,Daily-Register
dailyrepublic.com,DailyRepublic
dailysignal.com,TheDailySignalNews
dailystandard.com,CelinaDailyStandard
dailystarjournal.com,dsjnow
dailytarheel.com,dailytarheel
dailytelegraph.com.au,dailytelegraph
dailytexanonline.com,dailytexan
dailywire.com,DailyWire
dailyworld.com,dailyworld
dallasnews.com,dallasmorningnews
dallasobserver.com,DallasObserver
dansvilleonline.com,GeneseeCountryExpress
dariennewsonline.com,dariennews
davisclipper.com,davisclipper
davisenterprise.com,TheDavisEnterpriseNewspaper
daytondailynews.com,daytondailynews
dcourier.com,DailyCourier
deccanchronicle.com,deccannews
delawareonline.com,Delawareonline
delawarestatenews.net,DelawareStateNews
delcotimes.com,delcodailytimes
delmarvanow.com,coastpress
democracynow.org,democracynow
democratandchronicle.com,DemocratandChronicle
democratherald.com,dhnews
demopolistimes.com,The-Demopolis-Times
dentonrc.com,dentonrc
denverpost.com,denverpost
deseretnews.com,deseretnews
desertnews.com,Mojave-Desert-News-1009921835699858
desertsun.com,MyDesertcom
desmoinesregister.com,AltoonaHerald
detroitnews.com,DetroitNews
dewittobserver.com,dewittobserver
dispatch.com,columbusdispatch
dissentmagazine.org,dissentmag
djournal.com,Monroe-JournalMonroecountyjournalcom
dl-online.com,detroitlakes.newspapers
dnaindia.com,dnaindia
dnews.com,PalouseNews
dnj.com,dnjcom
dnronline.com,DNRonline
dodgecountynews.com,The-Dodge-County-News
donaldsonvillechief.com,The-Donaldsonville-Chief
dosmundos.com,dosmundosnews
dothaneagle.com,dothaneagle
dotnews.com,Dorchester-Reporter
doverpost.com,doverpost
drudgereport.com,drudgereportwebsite
dukechronicle.com,dukechronicle
duluthnewstribune.com,duluthnews
durangoherald.com,TheDurangoHerald
dw.com,
dyersvillecommercial.com,Dyersville-Commercial
eacourier.com,eacourier
eagletribune.com,theeagletribune
eastbayexpress.com,eastbayexpress
eastbayri.com,PortsmouthTimes
eastbaytimes.com,AlamedaJournal
easternshorepost.com,Eastern-Shore-Post
eastoregonian.com,EastOregonian
eastvalleytribune.com,EVTNow
eccalifornian.com,East-County-Californian
echo-pilot.com,Echo-Pilot-Greencastle-Antrims-Hometown-Newspaper
economist.com,TheEconomist
edmondsun.com,edmondoksun
edmontonjournal.com,edmontonjournal
effinghamdailynews.com,effinghamdailynews
ehextra.com,EagleHerald
einnews.com,einpresswire
elitedaily.com,EliteDaily
elkharttruth.com,TheElkhartTruth
elkodaily.com,elkodaily
elkvalleytimes.com,Elk-Valley-Times
elnuevoherald.com,El-Nuevo-Herald
elpais.com,elpaisinenglish
elpasotimes.com,eptimes
emanuelcountylive.com,emanuelcountylive
emergencyemail.org,
emissourian.com,emissourian
emporiagazette.com,theemporiagazette
enewscourier.com,The-News-Courier
enidnews.com,Enid-News-Eagle-Advertising
enterprisenews.com,EnterpriseBrockton
enterprisepub.com,Mapleton-Press
esquire.com,Esquire
essexnewsdaily.com,worrallnewspapers
eugeneweekly.com,eugeneweekly
eunicetoday.com,eunicenews
euronews.com,euronews
eveningsun.com,hanovereveningsun
eveningtribune.com,hornelleveningtribune
evesun.com,theeveningsun
examiner.net,examiner.net
exploreclarion.com,exploreClarion
express.co.uk,DailyExpress
factcheck.org,factcheck.org
fair.org,FAIRmediawatch
fairfaxtimes.com,FairfaxCountyTimes
fairmontsentinel.com,FairmontSentinel
faribaultcountyregister.com,Faribault-County-Register-119118418117319
fark.com,
farmvilleherald.com,The-Farmville-Herald
fayobserver.com,fayobserver
fdlreporter.com,TheFdLReporter
fergusfallsjournal.com,Fergus-Falls-Daily-Journal
fillmorecountyjournal.com,Fillmore-County-Journal
finance.yahoo.com,yahoofinance
financialexpress.com,thefinancialexpress
firstthings.com,FirstThings
firsttoknow.com,
fivethirtyeight.com,fivethirtyeight
flatheadbeacon.com,FlatheadBeacon
flkeysnews.com,KeysNetcom-Website-for-The-Reporter-and-The-Keynoter-newspapers
floridatoday.com,Floridatoday
floridaweekly.com,FloridaWeeklyNewspapers
fltimes.com,FingerLakesTimes
flyergroup.com,Hendricks-County-Flyer
fontanaheraldnews.com,fontanaheraldnews
forbes.com,forbes
foreignaffairs.com,ForeignAffairs
foreignpolicy.com,foreign.policy.magazine
forestparkreview.com,Forest-Park-Review
fortmorgantimes.com,fortmorgantimes
fortune.com,FortuneMagazine
fosters.com,FostersDailyDemocrat
foxbusiness.com,FoxBusiness
foxnews.com,FoxNews
france24.com,FRANCE24.English
fredericknewspost.com,fredericknewspost
fredericksburg.com,TheFreeLanceStar
free-times.com,freetimes
freebeacon.com,
freemanjournal.net,FreemanJournal
freep.com,detroitfreepress
freepressnewspapers.com,The-Braidwood-Journal
freepressonline.com,
fremonttribune.com,thefremonttribune
fresnobee.com,ClovisIndependent
frontiersman.com,frontiersman
frontpagemag.com,frontpagemag
ft.com,financialtimes
fwweekly.com,FortWorthWeekly
gadsdenmessenger.com,TheMessengerGadsden
gadsdentimes.com,GadsdenTimes
gainesville.com,GainesvilleSun
gainesvilletimes.com,gainesvilletimes.life
galesburg.com,registermail
gallup.com,gallup
galvnews.com,GalvNews
gantdaily.com,gantdaily
gastongazette.com,gastongazette
gazette.com,springsgazette
gazettenet.com,DailyHampshireGazette
gazettes.com,gruniongazette
gazettetimes.com,gtnews
gazettextra.com,JanesvilleGazette
gctelegram.com,GardenCityTelegram
gettysburgtimes.com,gettysburgtimes
gillettenewsrecord.com,newsrecord
gilroydispatch.com,gilroydispatch
gjsentinel.com,thedailysentinelgj
globalissues.org,globalissues.org
globegazette.com,brittnewstribune
gloucestertimes.com,gloucesterdailytimes
gmnews.com,centraljerseynews
gmtoday.com,WaukeshaFreeman
godanriver.com,godanriver
goerie.com,GoErie
goldenstatenewspapers.com,Patterson-Irrigator
goleader.com,leadertimes
gonzalesinquirer.com,Gonzales-Inquirer
good.is,GOODHQ
goodnewsnetwork.org,thegoodnewsnetwork
goodtimes.sc,GoodTimesSantaCruz
gosanangelo.com,gosanangelo
goshennews.com,TheGoshenNews
goskagit.com,SkagitValleyHerald
gothamgazette.com,gothamgazettenewyork
goupstate.com,GoUpstate
gouverneurtribunepress.com,gouverneur.tribunepress
governing.com,governing
gowilkes.com,GoWilkes
grandcanyonnews.com,GrandCanyonNews
grandforksherald.com,GrandForksHerald
grandhaventribune.com,GHTribune
grandlakenews.com,grovesun
grbj.com,grbusinessjournal
greatfallstribune.com,greatfallstribune
greatneckrecord.com,GreatNeckRecord
greeleytribune.com,greeleytribune
greenbaypressgazette.com,gbpressgazette
greenecountycommonwealth.com,Ash-Grove-Commonwealth
greensboro.com,newsandrecord
greensburgdailynews.com,Greensburg-Daily-News
greenvilleonline.com,greenvilleonline
greenwichtime.com,greenwichtime
griffindailynews.com,griffindailynews
guardianlv.com,GuardianLibertyVoice
gulflive.com,gulflive
gulfnews.com,GulfNews.UAE
gvnews.com,GreenValleyNews
gwcommonwealth.com,Greenwood-Commonwealth
gwinnettdailypost.com,gwinnettdailypost
haaretz.com,haaretzcom
hamlethub.com,HamletHubWilton
hanfordsentinel.com,HanfordSentinel
harlandaily.com,Harlan-Daily-Enterprise
harpers.org,HarpersMagazine
harrodsburgherald.com,The-Harrodsburg-Herald
hartfordbusiness.com,HartfordBiz
hartfordcitynewstimes.com,hartfordcitynewstimes
hartselleenquirer.com,Hartselle-Enquirer
hastingsstargazette.com,Hastings-Star-Gazette
hastingstribune.com,HastingsTribune
havasunews.com,Todays-News-Herald
hawaiitribune-herald.com,hawaiitribuneherald
hazard-herald.com,Hazard-Herald
hbr.org,HBR
hcn.org,highcountrynews
hcnews.com,HCNews
hcpress.com,highcountrypress
heavy.com,heavycom
helenair.com,helenaironline
henryherald.com,henrydailyherald
herald-citizen.com,heraldcitizen
herald-dispatch.com,theheralddispatch
herald-journal.com,HeraldJournalPublishing
herald-review.com,HeraldAndReview
heraldandnews.com,HandN
heraldandtribune.com,Herald-Tribune
heraldargus.com,The-La-Porte-County-Herald-Argus-565599370262091
heraldbanner.com,HeraldBanner
heraldbulletin.com,heraldbulletin
heraldcourier.com,heraldcourierdotcom
heralddemocrat.com,HDTexoma
heraldextra.com,UtahValleyDailyHerald
heraldguide.com,heraldguide
heraldmailmedia.com,TheHeraldMail
heraldnet.com,HeraldNet
heraldnewstn.com,HeraldNewsTn
heraldonline.com,FortMillTimes
heraldpalladium.com,HeraldPalladium
heraldpublications.com,El-Segundo-Herald
heraldstandard.com,heraldstandard
heraldstaronline.com,HeraldStar
heraldsun.com,theheraldsun
heraldsun.com.au,heraldsun
heraldtribune.com,heraldtribune
hickoryrecord.com,Hickory.Daily.Record
hidesertstar.com,Hi-Desert-Star
highlandnews.net,highlandcommunitynews
hillcountrynews.com,HillCountryNews
hillsdale.net,Hillsdale-Daily-News
hindustantimes.com,hindustantimes
hmbreview.com,HMBreview
hngnews.com,waunakeetribune
hobbsnews.com,Hobbs-News-Sun
hollandsentinel.com,HollandSentinelNews
hollywoodreporter.com,HollywoodReporter
homenewshere.com,HomeNewsHere
hometownlife.com,BhamEccentric
hoodrivernews.com,hoodrivernews
hotair.com,hotaircom
hotsr.com,TheSentinelRecord
houmatoday.com,houmatoday
houstonherald.com,houstonherald
houstonpress.com,HoustonPress
hpenews.com,hpenterprise
hpherald.com,HydeParkHerald
htrnews.com,HeraldTimesReporter
hudsonreporter.com,thehudsonreporter
hudsonstarobserver.com,hudsonstarobserver
hudsonvalleyone.com,kingstontimes
huffpost.com,HuffPost
hurriyetdailynews.com,hurriyetdailynews
hutchnews.com,hutchinsonnews
iberianet.com,thedailyiberian
ibj.com,IndianapolisBusinessJournal
ibtimes.co.in,
ibtimes.com,IBTimes
idahobusinessreview.com,IdahoBusinessReview
idahocountyfreepress.com,idahocountyfreepress
idahopress.com,Idaho.Press.Tribune
idahostatejournal.com,idahostatejournal
idahostatesman.com,idahostatesman
iecn.com,IECNWeekly
ifallsjournal.com,The-Journal-International-Falls-MN
ijr.com,theijr
imperialrepublican.com,Imperial-Republican
indeonline.com,massillonindependent
independent.co.uk,TheIndependentOnline
independent.com,sbindependent
independentmail.com,independentmail
independentnews.com,The-Independent-Newspaper-Livermore-CA
independenttribune.com,Independent.Tribune
indexjournal.com,indexjournal
indexnewspaper.com,theindexpaper
indianagazette.com,TheIndianaGazette
indianexpress.com,indianexpress
indiatimes.com,indiatimes
indyeastend.com,The-Independent-Newspaper
indystar.com,indianapolis.star
indyweek.com,IndependentWeekly
inforum.com,inforumFM
infowars.com,
inquisitr.com,theinquisitr
insidenova.com,insidenova
insider.com,insider
intellihub.com,
inthesetimes.com,inthesetimesmag
investors.com,investorsbusinessdaily
inweekly.net,Independent-News
iolaregister.com,iolaregister
irishtimes.com,irishtimes
ironmountaindailynews.com,IronMountainDailyNews
islandpacket.com,beaufort.gazette
islandssounder.com,pnwlocalnews
isthmus.com,IsthmusMadison
itemlive.com,DailyItem
itemonline.com,The-Huntsville-Item
ithaca.com,the.ithaca.times
ithacajournal.com,ithacajournal
jacksoncountypilot.com,JacksonCountyPilot
jacksonfreepress.com,jacksonfreepress
jacksonprogress-argus.com,JacksonProgressArgus
jacksonsun.com,JacksonSun
jacksonville.com,FLTimesUnion
jacobinmag.com,jacobinmag
jamestownsun.com,TheJamestownSun
japantimes.co.jp,thejapantimes
jaxdailyrecord.com,JaxDailyRecord
jconline.com,journalandcourier
jdnews.com,JacksonvilleDailyNews
jewishjournal.com,JewishJournal
jewishvoicesnj.org,Jewish-Community-Voice
jezebel.com,Jezebel
jg-tc.com,MattoonJGTC
johnsoncitypress.com,JohnsonCityPress
jonesborosun.com,jonesborosun
joplinglobe.com,joplinglobe
journal-news.com,journalnews
journal-news.net,TheJournalWV
journal-republican.com,Piatt-County-Journal-Republican
journal-topics.com,journaltopics
journalgazette.net,journalgazette
journalinquirer.com,pageone.journalinquirer
journalnow.com,winstonsalemjournal
journalpatriot.com,thewilkesjournalpatriot
journalstandard.com,journalstandard
journalstar.com,LincolnJournalStar
journaltimes.com,JournalTimes
jpost.com,TheJerusalemPost
jsonline.com,journalsentinel
juneauempire.com,juneauempire
justsecurity.org,JSBlog
kansas.com,wichitaeagle
kansascity.com,kansascitystar
kcchronicle.com,TheElburnHerald
kdhnews.com,kdhnews
kdminer.com,dailyminer
kearneyhub.com,kearneyhub
kendallcountynow.com,RecordNewspapers
kenoshanews.com,Kenosha.News
kentontimes.com,kentontimes
kentucky.com,kentuckycom
kentuckynewera.com,kentuckynewera
kernvalleysun.com,KernValleySun
keysnews.com,KeyWestCitizen
khaleejtimes.com,khaleejtimes
kitsapsun.com,BainbridgeIslander
kitv.com,KITV4
knoxnews.com,knoxnews
kokomoperspective.com,KokomoPerspective
lacrossetribune.com,Houston-County-News
ladowntownnews.com,L.A.DowntownNews
lagniappemobile.com,lagniappemobile
lagunabeachindy.com,lagunabeachindependent
lajuntatribunedemocrat.com,The-La-Junta-Tribune-Democrat
lakecityreporter.com,Lake-City-Reporter
lamarledger.com,lamarledger
lancastereaglegazette.com,LancasterEagleGazette
lancasteronline.com,LancasterOnline
lansingstatejournal.com,lsjnews
laopinion.com,LaOpinionLA
laraza.com,LaRazaChicago
lasentinel.net,LASentinelNewspaper
lasvegassun.com,lasvegassun
lasvegasweekly.com,lasvegasweekly
latimes.com,BurbankLeader
laurinburgexchange.com,TheLaurinburgExchange
law.com,LawdotcomALM
laweekly.com,LAWeekly
lawfareblog.com,Lawfareblog
lawndalenews.com,Lawndale-News
lbpost.com,longbeachpost
lcnme.com,lcnme
lcsun-news.com,LCSUNNEWS
ldnews.com,ldnews
leaderherald.com,LeaderHerald
leadertelegram.com,Leader-Telegram
leadvilleherald.com,HERALDDEMOCRAT
leavenworthtimes.com,the.leavenworth.times
lebanon-express.com,LebanonExpress
ledger-enquirer.com,columbusledgerenquirer
lehighacrescitizen.com,LehighAcresCitizen
lehighvalleylive.com,lehighvalleynews
lemarssentinel.com,lemarssentinel
lemonde.fr,lemonde.fr
leominsterchamp.com,Leominster-Champion
libn.com,LongIslandBusinessNews
lifezette.com,LifeZette
liherald.com,LIHerald
limaohio.com,limanews
lincolncourier.com,lincolncourier
linncountynews.net,linncountynews
livemint.com,mint.live
livingstonparishnews.com,TheLivingstonParishNews
ljworld.com,LJWorld
lmtonline.com,lmtonline
lmtribune.com,lewistontribune
lockhaven.com,lockhaven.newspaper
lodinews.com,Lodinews
lohud.com,LoHud
longislandpress.com,longislandpress
loudountimes.com,Loudoun-Times-Mirror
lowellsun.com,LowellSun
lubbockonline.com,Avalanche-Journal
lucianne.com,
luminanews.com,LuminaNews
lyndentribune.com,lyndentrib
machiasnews.com,machiasnews
macleans.ca,macleans
macombdaily.com,Macomb-Daily
macon.com,telegraphGA
maconcountytimes.com,The-Macon-County-Times
maderatribune.com,maderatribune
madison.com,madison.com
madisonjournaltoday.com,The-Madison-County-Journal
madriverunion.com,madriverunion
madworldnews.com,
magicvalley.com,thetimesnews
magnumphotos.com,MagnumPhotos
mailtribune.com,mailtribune
mainebiz.biz,Mainebiz
mainichi.jp,mainichishimbun
mainlinemedianews.com,MainLineMediaNews
malibutimes.com,MalibuTimes
manchesterpress.com,ManchesterPressWCI
manchestertimes.com,Manchester-Times
mankatofreepress.com,MankatoFreePress
mansfieldnewsjournal.com,MansfieldNewsJournal
maqnews.com,maquoketasentinelpress
marinecorpstimes.com,MarineCorpsTimes
marionstar.com,MarionStar
marketwatch.com,marketwatch
marshallindependent.com,MarshallIndependent
marshallnews.com,marshall.democratnews
marshallnewsmessenger.com,newsmessenger
marshfieldnewsherald.com,MarshfieldNews
martinsvillebulletin.com,MARTINSVILLE-BULLETIN-1041382549218732
marysvilleglobe.com,TheMarysvilleGlobe
mashable.com,mashable
masslive.com,masslive
mauinews.com,MauiNews
maysville-online.com,LedgerIndependent
mcalesternews.com,mcalesternewscapital
mcall.com,mcall.lv
mcclatchydc.com,McClatchyDCBureau
mcdonoughvoice.com,McDonoughVoice
mdcoastdispatch.com,thedispatchoc
mdjonline.com,NeighborNewspapers
meadvilletribune.com,meadvilletribune
mediaite.com,mediaite
mediamatters.org,Mediamatters
mediapost.com,MediaPost
medios1.com,
memphisflyer.com,memphisflyer
mercedcountytimes.net,merced.county.times
mercedsunstar.com,mercedsunstar
mercurynews.com,campbellreporter
meridianstar.com,meridianstar
messagemedia.com,aitkinage
messengernews.net,FDmessenger
metafilter.com,
methowvalleynews.com,Methow-Valley-News
metnews.com,
metro.us,MetroNewYork
metrotimes.com,metrotimes
metrowestdailynews.com,MetroWestDailyNews
mi-reporter.com,MIReporter
miamiherald.com,miamiherald
miaminewtimes.com,miaminewtimes
miamiok.com,miamioknews
miamitimesonline.com,themiamitimes
mibiz.com,MiBiz
mic.com,MicMedia
michigandaily.com,michigandaily
michigansthumb.com,Huron-Daily-Tribune-SportsNews-146725758694091
mid-day.com,middayindia
middlesborodailynews.com,Middlesboro-Daily-News
middletownpress.com,middletownpress
middletowntranscript.com,The-Middletown-Transcript
midhudsonnews.com,MidHudsonNewscom
midweek.com,MidWeekHawaii
midweeknews.com,MidWeek-DeKalb
mihomepaper.com,hcview
milforddailynews.com,MilfordDailyNews
milfordmirror.com,MilfordMirror
militarytimes.com,https:
miningjournal.net,The-Mining-Journal
mintpressnews.com,MintpressNewsMPN
mirror.co.uk,dailymirror
missoulian.com,MissoulianNewspaper
mlive.com,annarbornews
modbee.com,modestobee
monett-times.com,Monett-Times
monroenews.com,monroenews
montenews.com,montevideo.americannews
montereycountyweekly.com,MontereyCountyWeekly
montgomeryadvertiser.com,montgomeryadvertiser
montgomerynews.com,MontgomeryMedia
monticelloexpress.com,The-Monticello-Express
montrealgazette.com,montrealgazette
montrosepress.com,MontroseDailyPress
mooresvilletribune.com,mooresvilletribune
morgancountycitizen.com,Morgan-County-Citizen
morganton.com,Morganton.News.Herald
morningconsult.com,MorningConsult
morningjournal.com,MorningJournal
morningjournalnews.com,LisbonMorningJournal
morningsun.net,The-Morning-Sun
motherjones.com,motherjones
moultrieobserver.com,The-Moultrie-Observer
mountain-news.com,The-Mountain-News
mountaineagle.com,mountaineagle
mountainstatesman.com,MountainStatesman
mountainx.com,mountainx
mountolivetribune.com,mountolivetribune
mpacorn.com,moorparkacorn
mpcourier.com,Daily-Courier-Observer
mpnnow.com,messengerpostmedia
mrc.org,mediaresearchcenter
mrctv.org,mrctv
mrt.com,TheReporterTelegram
msbusiness.com,mbjournal
msmagazine.com,msmagazine
msnbc.com,msnbc
mtairynews.com,The-Mount-Airy-News
mtdemocrat.com,MountainDemocrat
mtstandard.com,MontanaStandard
muleshoejournal.com,
multichannel.com,MultichannelNewsMagazine
mundohispanico.com,mundohispanico
murfreesboropost.com,murfreesboropost
muscatinejournal.com,muscatinejournal
muskogeephoenix.com,MuskogeePhoenix
mvprogress.com,Moapa-Valley-Progress
mycentraljersey.com,MyCentralJersey
mycitizensnews.com,CitizensNews
myeasternshoremd.com,DorchesterStar
myjournalcourier.com,journalcourier
mymalonetelegram.com,The-Malone-Telegram
myplainview.com,plainviewdailyherald
myrecordjournal.com,recordjournalnewspaper
myrtlebeachonline.com,sunnews
mysanantonio.com,SanAntonioExpressNews
mysanfordherald.com,TheSanfordHerald
mysuburbanlife.com,mysuburbanlife
myvalleynews.com,FallbrookVillageNews
nadignewspapers.com,nadignewspapers
napavalleyregister.com,AmericanCanyonEagle
naplesnews.com,bannernews
nashuatelegraph.com,TheTelegraph
nashvillescene.com,Nashville-Scene
natchezdemocrat.com,NatchezDemocrat
nationalgeographic.com,natgeo
nationalinterest.org,thenatlinterest
nationaljournal.com,NationalJournal
nationalpost.com,NationalPost
nationalreview.com,nationalreview
navajotimes.com,navajotimes
navasotaexaminer.com,Navasota-Examiner
navytimes.com,navytimes
nbcnews.com,NBCNews
ncadvertiser.com,NCAdvertiser
ncnewsonline.com,New-Castle-News
neagle.com,NewsEagle
neoshodailynews.com,Neosho-Daily-News
newarkadvocate.com,granvillesentinel
newarkpostonline.com,newarkpost
newbernsj.com,newbernsunjournal
newburyportnews.com,Daily-News-of-Newburyport
newhavenindependent.org,NewHavenIndependent
newindianexpress.com,thenewindianxpress
newjerseyhills.com,bernardsvillenews
neworleanscitybusiness.com,NewOrleansCityBusiness
newportnewstimes.com,newportnewstimes
newportplaintalk.com,NewportPlainTalk
newportri.com,The-Newport-Daily-News
newrepublic.com,newrepublic
news-bulletin.com,valenciacountynewsbulletin
news-daily.com,claytonco.newsdaily
news-expressky.com,Appalachian-News-Express
news-gazette.com,newsgazette
news-herald.com,newsheraldinoh
news-journal.com,newsjournal
news-journalonline.com,daytonabeachnewsjournal
news-leader.com,SpringfieldNewsLeader
news-press.com,The-News-Press-Fort-Myers-Fla
news-shield.com,NewsShield
news-star.com,ShawneeNewsStar
news.berkeley.edu,UCBerkeley
news.com.au,news.com.au
news.google.com,
newsadvance.com,newsadvance
newsaegis.com,St-Clair-News-Aegis
newsandsentinel.com,NewsandSentinel
newsandtribune.com,newsandtribune
newsbusters.org,newsbusters
newsday.com,newsday
newsexaminer.com,News-Examiner
newsherald.com,PanamaCityNewsHerald
newsitem.com,newsitem
newsleader.com,newsleaderStaunton
newsmax.com,newsmax
newsminer.com,fairbanksDNM
newsobserver.com,CaryNews
newsok.com,NewsOK
newsone.com,NewsOneOfficial
newspressnow.com,newspressnow
newsreview.com,ChicoNewsandReview
newsroom.ucla.edu,UCLA
newstimes.com,newstimes
newstrib.com,LaSalleNewsTribune
newstribune.com,newstribune
newstribune.info,Mineral-Daily-News-Tribune
newsweek.com,Newsweek
newswire.ca,CisionCA
newswire.com,Repubblica
newswise.com,
newtimesslo.com,SLONewTimes
newyorker.com,newyorker
nhbr.com,nhbusinessreview
nhregister.com,NewHavenRegister
niagara-gazette.com,niagara.gazette
niemanlab.org,niemanlab
nj.com,SouthJerseyTimes
njbiz.com,njbiz
njeffersonnews.com,NorthJeffersonNews
njherald.com,NewJerseyHerald
njtoday.net,NJTODAYNET
nogalesinternational.com,nogalesinternational
nola.com,NOLAnews
nonpareilonline.com,The-Daily-Nonpareil
noozhawk.com,noozhawk
normantranscript.com,normantranscript
northbaybusinessjournal.com,NorthBayBusinessJournal
northcoastjournal.com,northcoastjournal
northcountrynow.com,NorthCountryNowcom-128983110479859
northfortynews.com,northfortynews
northfulton.com,appenmediagroup
northjersey.com,northjerseycom
northwestgeorgianews.com,CherokeeCountyHerald
northwestsignal.net,Northwest-Signal
norwalkreflector.com,Norwalk-Reflector
norwichbulletin.com,norwichbulletin
norwoodnews.org,norwoodnews.bronx
nowthisnews.com,NowThisNews
npr.org,NPR
nptelegraph.com,NPTelegraph
nrtoday.com,thenewsreview
ntxe-news.com,NorthTexasEnews
nuvo.net,NUVONews
nvdaily.com,nvdaily
nwaonline.com,The-Weekly-Vista
nwasianweekly.com,NorthwestAsianWeekly
nwfdailynews.com,Northwest-Florida-Daily-News
nwherald.com,nwherald
nwitimes.com,The-Times-of-Northwest-Indiana
nydailynews.com,NYDailyNews
nymag.com,
nypost.com,NYPost
nyse.com,NYSE
nysun.com,The.New.York.Sun
nytimes.com,nytimes
oakridger.com,The-Oak-Ridger
oann.com,OneAmericaNewsNetwork
oanow.com,oanow
oaoa.com,OdessaAmerican
obsentinel.com,outer.sentinel
observer-reporter.com,observerreporternews
observer.com,observer
observertoday.com,DunkirkObserver
ocala.com,ocala.starbanner
oconeeenterprise.com,oconeeenterprise
ocregister.com,ocregister
ocweekly.com,OCWeekly
ohio.com,AkronBeaconJournal
oldhamera.com,TheOldhamEra
oleantimesherald.com,OleanTimesHerald
olneydailymail.com,OlneyDailyMail
omaha.com,bellevueleader
oneidadispatch.com,OneidaDispatch
onlineathens.com,abh2gofan
onwardstate.com,OnwardState
opendemocracy.net,openDemocracy
oregonlive.com,theoregonian
orlandosentinel.com,orlandosentinel
orlandoweekly.com,orlandoweekly
orovillemr.com,OrovilleMR
oswegocountynewsnow.com,ValleyNewsOnline
oswegocountytoday.com,oswegocountytoday
otmj.com,Over-the-Mountain-Journal
ottumwacourier.com,ottumwacourier
ourmidland.com,midlanddailynews
ourtownny.com,OurTownEastSideManhattan
outbrain.com,Outbrain
overtoncountynews.com,Overton-County-News
oxfordeagle.com,oxfordeagle
ozy.com,OZY
paintsvilleherald.com,PaintsvilleHerald
pal-item.com,palitem
palestineherald.com,palestineheraldpress
palmbeachdailynews.com,shinysheet
palmbeachpost.com,palmbeachpost
palmerreport.com,PalmerReport
paloaltoonline.com,paloaltoonline
pamplinmedia.com,canbyherald
pantagraph.com,pantagraph
parade.com,parademag
paradisepost.com,ParadisePost
parispi.net,Paris-Post-Intelligencer
parkcitiespeople.com,pcpeople
parkrapidsenterprise.com,editorial.parkrapids
pasadenanow.com,pasadena.now
pasadenastarnews.com,pasadenastarnews
pasadenaweekly.com,PasadenaWeekly
pasoroblesdailynews.com,PasoRoblesDailyNews
patch.com,Patch
patriotledger.com,patriotledger
pbn.com,ProvidenceBusinessNews
pbs.org,pbs
pdclarion.com,pdclarion
pe.com,ThePressEnterprise
peabodykansas.com,
peninsuladailynews.com,Peninsula-Daily-News
pennlive.com,PennLive
petoskeynews.com,charlevoix.courier.5
pewresearch.org,pewresearch
pghcitypaper.com,PittsburghCityPaper
philadelphiaweekly.com,phillyweekly
philly.com,PhillyDailyNews
phoenixnewtimes.com,phoenixnewtimes
phoenixvillenews.com,NorthernChescoNews
phtimes.net,Pleasant-Hill-Times-135942293159629
phys.org,physorg
pikecountygeorgia.com,Pike-County-Journal-Reporter
pilotonline.com,insidebusiness
pineandlakes.com,Pineandlakes-Echo-Journal-342084807410
pinerivertimes.com,pinerivertimes
pipestonestar.com,pipestonestar
pjmedia.com,PJMedia
pjstar.com,bradleyhoops
pleasantonweekly.com,pleasantonweekly
pnj.com,pnjnews
poconorecord.com,poconorecord
politico.com,politico
politicususa.com,
politifact.com,politifact
poll.qu.edu,quinnipiacpoll
pontevedrarecorder.com,ThePVRecorder
portlandmercury.com,portlandmercury
portlavacawave.com,portlavacawave
portsmouth-dailytimes.com,Portsmouth-Daily-Times
post-gazette.com,pittsburghpostgazette
postandcourier.com,ThePostandCourier
postbulletin.com,PostBulletin
postcrescent.com,postcrescent
postregister.com,Post-Register
poststar.com,ThePostStar
pottsmerc.com,pottstown.mercury
poughkeepsiejournal.com,PoughkeepsieJournal
powelltribune.com,powelltribune
poynter.org,Poynter
pratttribune.com,The-Pratt-Tribune
press-herald.com,mindenph
pressconnects.com,pressconnects
pressdemocrat.com,pressdemocrat
pressenterpriseonline.com,pressenterprise
pressherald.com,pressherald
pressofatlanticcity.com,PressofAC
presspubs.com,QuadPress
pressrepublican.com,pressrepublican
presstelegram.com,presstelegram
prnewswire.com,PR-Newswire-26247320522
progress-index.com,TheProgressIndex
progressive.org,theprogressivemagazine
project-syndicate.org,projectsyndicate
projectveritas.com,ProjectVeritas
projectveritasaction.com,ProjectVeritasAction
propublica.org,propublica
prospect.org,TheAmericanProspect
providencejournal.com,ProvidenceJournal
prweb.com,PRWeb
psmag.com,PacificStand
ptleader.com,ptleader
publicintegrity.org,publici
publicopiniononline.com,publicopinionnews
publicpolicypolling.com,PublicPolicyPolling
punxsutawneyspirit.com,punxsyspirit
putnamsentinel.com,Putnam.County.Sentinel
qchron.com,Queens-Chronicle
qconline.com,DispatchArgus
qctimes.com,BettendorfNews
qz.com,quartznews
rafu.com,rafu.shimpo
ranchosantafereview.com,RanchReview
rapidcityjournal.com,ChadronRecord
rappler.com,rapplerdotcom
rappnews.com,rappahannocknews
rare.us,RareUSA
rasmussenreports.com,RasmussenPoll
ravallirepublic.com,RavalliRepublic
rawstory.com,
rbj.net,RBJdaily
rblandmark.com,Riverside-Brookfield-Landmark
rcnky.com,therivercitynews
rd.com,ReadersDigest
rdrnews.com,RoswellDailyRecord
readingeagle.com,readingeaglenewspaper
realclearpolitics.com,realclearpolitics
reason.com,Reason.Magazine
record-eagle.com,tcrecordeagle
recorder.com,The-Recorder
recordherald.com,therecordherald
recordnet.com,recordnet
recordonline.com,recordonline
redding.com,Record.Searchlight
redlandsdailyfacts.com,RedlandsDailyFacts
redstate.com,RedStateBlog
redwoodtimes.com,RedwoodTimes
reflector.com,dailyreflector
reformer.com,brattlebororeformer
register-herald.com,RegisterHerald
registercitizen.com,RegisterCitizen
registerguard.com,registerguard
rep-am.com,repam
reporterherald.com,reporterherald
reporternews.com,reporternews
reporternewspapers.net,TheReporterNewspapers
repubblica.it,
republic-online.com,LouisburgHerald
republicanherald.com,republicanherald
reuters.com,Reuters
revealnews.org,ThisIsReveal
reviewatlas.com,Review-Atlas
reviewjournal.com,reviewjournal
rferl.org,rferl
rgj.com,RGJmedia
rheaheraldnews.com,rheaheraldnews
richfieldreaper.com,TheRichfieldReaper
richmond.com,TimesDispatch
richmondregister.com,therichmondregister
ridgecrestca.com,thedailyindependent
rightwingwatch.org,rightwingwatch
riverdalepress.com,riverdale.press
riverfronttimes.com,riverfronttimes
riverreporter.com,theriverreporter
rivertowns.net,newrichmondnews
roanoke.com,roanoketimes
robesonian.com,The-Robesonian
rockfordsquire.com,
rockrivertimes.com,rockrivertimes
rockymounttelegram.com,rockymounttelegram
rollcall.com,RollCall
romesentinel.com,RomeDailySentinel
roughlyexplained.com,RoughlyExplained
rrstar.com,rockfordregisterstar
rsf.org,Reporterssansfrontieres
rt.com,RTnews
ruidosonews.com,ruidosonews
rustonleader.com,rustondailyleader
rutlandherald.com,rutlandherald
rvpnews.com,
sabinetoday.com,The-Sabine-Index
sacbee.com,sacramentobee
sacurrent.com,sacurrent
salem-news.com,
salemleader.com,salemleadercom
salemnews.com,The-Salem-News
salemnews.net,SalemNews
salina.com,Salina-Journal
salisburypost.com,SalisburyPost
salon.com,salon
salyersvilleindependent.com,Salyersville-Independent
sanclementetimes.com,SanClementeTimes
sandiego.com,MySanDiego
sandiegoreader.com,SDReader
sandiegouniontribune.com,sandiegouniontribune
sandmountainreporter.com,The-Sand-Mountain-Reporter
sanduskyregister.com,sanduskyregister
sanjuanislander.com,sanjuanislander
sanluisobispo.com,SLOTribune
santacruzsentinel.com,SCSentinel
santafenewmexican.com,santafenewmexican
santamariasun.com,Santa-Maria-Sun
santamariatimes.com,santamariatimes
saratogatodaynewspaper.com,SaratogaTODAYnewspaper
saratogian.com,Saratogian
saukvalley.com,saukvalley
savannahnow.com,savannahnow
sbsun.com,sbsun
scdailypress.com,silvercitynews
scientificamerican.com,ScientificAmerican
scmp.com,
scnow.com,MorningNews
sctimes.com,stcloudtimes
sdcitybeat.com,sdcitybeat
sdvoice.info,SDVoiceandViewpoint
seacoastonline.com,York-County-Coast-Star
seattlepi.com,The-Seattle-Post-Intelligencer
seattletimes.com,seattletimes
seattleweekly.com,SeattleWeekly
sedaliademocrat.com,SedaliaDemocrat
selmatimesjournal.com,SelmaTimesJournal
semissourian.com,semissourian
sent-trib.com,Sentinel-Tribune
sentinel-echo.com,The-Sentinel-Echo-Laurel-County-Ky
sentinel-standard.com,IoniaSentinelStandard
sentinelandenterprise.com,SentinelandEnterprise
sentinelsource.com,thekeenesentinel
sequimgazette.com,sequimgazette
sevendaysvt.com,sevendaysvt
sewardindependent.com,The-Friend-Sentinel
sfbayview.com,San-Francisco-Bay-View-Newspaper
sfexaminer.com,sfexaminer
sfgate.com,SFGate
sfreporter.com,SFReporter
sfweekly.com,SFWeekly
sgvtribune.com,sgvtribune
shareblue.com,theamericanindependent
sharonherald.com,sharonheraldnewspaper
shawanoleader.com,shawanoleader
sheboyganpress.com,The-Sheboygan-Press
shelbycountyreporter.com,shelbycountyreporter
shelbynews.com,The-Shelbyville-News
shelbystar.com,theshelbystar
shepherdexpress.com,ShepherdExpress
shreveporttimes.com,shreveporttimes
siasat.com,siasatdaily
sidneydailynews.com,SidneyDailyNews
signalscv.com,signalscv
silive.com,statenislandadvance
silverbelt.com,Arizona-Silver-Belt
sina.com.cn,
siouxcityjournal.com,SiouxCityJournal
sj-r.com,statejournalregister
sjnewsonline.com,St-John-News
slate.com,Slate
sleepyeyenews.com,HeraldDispatch
sltrib.com,saltlaketribune
smartbrief.com,smartbrief
smdailyjournal.com,smdailyjournal
smdp.com,Santa-Monica-Daily-Press
smh.com.au,sydneymorningherald
smileypete.com,BusinessLexington
smmirror.com,Santa-Monica-Mirror
smobserved.com,Santa-Monica-Observer
smokymountainnews.com,smnews
snopes.com,snopes
somdnews.com,SouthernMDNews
somerset-kentucky.com,SomersetCJ
sooeveningnews.com,SaultEveningNews
sourcewatch.org,
southbendtribune.com,southbendtribune
southcoasttoday.com,southcoasttoday
southwestjournal.com,SWjournal
southwhidbeyrecord.com,SouthWhidbeyRecord
spartalive.com,The-Expositor
spectator.org,americanspectator
spencerdailyreporter.com,spencerdailyreporter
spiegel.de,
spiked-online.com,spikedonline
spiritofjefferson.com,Spirit-of-Jefferson
splcenter.org,SPLCenter
splinternews.com,splinternews
spokesman.com,spokesmanreview
springfieldnewssun.com,springfieldnewssun
sputniknews.com,SputnikNews
srpmic-nsn.gov,SRPMIC
stamfordadvocate.com,stamfordadvocate
standard-journal.com,The-Standard-Journal-Newspaper
standard.net,standardexaminer
standardspeaker.com,standardspeaker
stanforddaily.com,stanforddaily
star-telegram.com,startelegram
staradvertiser.com,staradvertiser
starbeacon.com,starbeacon4626
stardem.com,StarDemocrat
stargazette.com,elmirastargazette
starherald.com,GeringCourier
starkvilledailynews.com,starkville.daily
starnewsonline.com,StarNewsMedia
startribune.com,startribune
state-journal.com,The-Frankfort-State-Journal
stategazette.com,state.gazette
stateportpilot.com,thestateportpilot
statesman.com,statesman
statesmanjournal.com,statesmanjournal
statesville.com,StatesvilleRL
staugustine.com,StAugustineRecord
stgeorgeutah.com,stgnews
stjamesnews.com,stjamesplaindealer
stlamerican.com,StLouisAmerican
stltoday.com,STLPD
stormlake.com,TheStormLakeTimes
stormlakepilottribune.com,PilotTribune
straight.com,georgiastraight
stream.org,TheStream.org
stripes.com,stripesmedia
stupiddope.com,stupidDOPE
stwnewspress.com,stillwaternewspress
styleweekly.com,StyleWeekly
suffolknewsherald.com,Suffolk-News-Herald
suindependent.com,suindependent
sulphurdailynews.com,Southwest-Daily-News
summitdaily.com,summitdailynews
sun-sentinel.com,sunsentinel
suncommunitynews.com,suncommunitynews
sungazette.com,SunGazette
sunherald.com,sunherald
sunjournal.com,sunjournal
sunnyskyz.com,SunnySkyzOnline
suntimes.com,thechicagosuntimes
superiortelegram.com,Superior-Telegram
sussexcountian.com,TheSussexCountian
suwanneedemocrat.com,SuwanneeDemocrat
swcbulletin.com,swcbulletin
swnewsherald.com,SouthWest.News.Herald
swnewsmedia.com,thechanhassenvillager
swtimes.com,SWTimesRecord
syracuse.com,poststandard
syvnews.com,syvnews
taftmidwaydriller.com,TaftMidwayDrillerGroup
tahlequahdailypress.com,tdpress
tahoe.com,tahoedotcom
tahoedailytribune.com,TahoeDailyTribune
talkingpointsmemo.com,talkingpointsmemo
tallahassee.com,tallahasseedemocrat
tampabay.com,tampabaycom
taosnews.com,taosnews
taskandpurpose.com,TaskandPurpose
tauntongazette.com,TauntonToGo
tcpalm.com,tcpalm
tctimes.com,tricountytimes
tdn.com,The-Daily-News
tdtnews.com,Temple-Daily-Telegram
telegram.com,The-BoylstonWest-Boylston-Banner
telegraph.co.uk,TELEGRAPH.CO.UK
telegraphindia.com,thetelegraphindia
telemundo.com,Telemundo
tennessean.com,The-Ashland-City-Times
tetonvalleynews.net,TetonValleyNews
teutopolispress.com,mtcarmelregister
texastribune.org,texastribune
the-daily-record.com,TheDROnline
the-dispatch.com,lexdispatch
theadvertiser.com,dailyadvertiser
theadvocate.com,theadvocatebr
theage.com.au,theageAustralia
theamericanconservative.com,The.American.Conservative
thearcticsounder.com,The-Arctic-Sounder
theatlantavoice.com,Atlanta.Voice1
theatlantic.com,TheAtlantic
theaustralian.com.au,theaustralian
theava.com,
thebaffler.com,TheBafflerMagazine
theblacksheartimes.com,theblacksheartimes
theblaze.com,
thebraziltimes.com,brazil.times
thebrunswicknews.com,thebrunswicknews
thebulwark.com,TheBulwark
thecabin.net,LogCabinDemocrat
thecallnews.com,The-Call-News
thecamarilloacorn.com,camarilloacorn
thecarrollnews.com,The-Carroll-News
thecentralvirginian.com,The-Central-Virginian
thecharlottepost.com,The-Charlotte-Post
thechronicleherald.ca,saltwirenetwork
thechronicleonline.com,sthelenschronicle
thecitizen.com,mycitizen
thecoalfieldprogress.com,The-Coalfield-Progress
theconversation.com,theconversationUS
thecourier.com,The-Courier
thecourierexpress.com,Jeffersonian-Democrat
thecouriertimes.com,The-Courier-Times
thecrimson.com,TheHarvardCrimson
thedailybanter.com,thedailybanter
thedailybeast.com,thedailybeast
thedailyjournal.com,vinelanddailyjournal
thedailynewsonline.com,BataviaDailyNews
thedailyrecord.com,mddailyrecord
thedailystar.com,
thedailystar.net,dailystarnews
thedaonline.com,dailyathenaeum
theday.com,thedayct
thedestinlog.com,TheDestinLog
thedickinsonpress.com,The-Dickinson-Press
thedigitalcourier.com,TheDailyCourier
thedp.com,dailypenn
thedrum.com,thedrumpage
theeagle.com,bcseagle
theepochtimes.com,
theeveningleader.com,The-Evening-Leader
thefacts.com,The-Facts
thefederalist.com,fdrlst
thegardenisland.com,TheGardenIsland
thegardnernews.com,thegardnernews
thegazette.com,GazetteOnline
theglobeandmail.com,theglobeandmail
theguardian.com,theguardian
thehawkeye.com,thehawkeyemediaco
theherald-news.com,jolietheraldnews
theheraldtimes.com,theheraldtimes
thehill.com,TheHill
thehindu.com,thehindu
thehindubusinessline.com,TheHinduBusinessLine
thehour.com,TheHourNewspaper
theindependent.com,GIIndependent
theintell.com,TheIntell
theintelligencer.com,theEdwi
theintelligencer.net,TheIntelligencer
theintercept.com,theinterceptflm
theintermountain.com,TheInterMountain
theislandnow.com,theislandnow
theitem.com,theitem
thekansan.com,TheNewtonKansan
thelcn.com,LivingstonCountyNews
theleafchronicle.com,leafchronicle
theledger.com,theledger
themarshallproject.org,
themonitor.com,monitornews
themorningsun.com,MPmorningsun
thenation.com,TheNationMagazine
thenational.ae,TheNationalNews
thenews-messenger.com,TheNewsMessenger
thenews.com.pk,thenewsinternational
thenewsdispatch.com,Michigan-City-News-Dispatch
thenewsenterprise.com,The-News-Enterprise
thenewsherald.com,NewsHeraldMi
thenewsjournal.net,The-News-Journal
thenewsstar.com,The-News-Star
thenewstribune.com,peninsulagateway
theoaklandpress.com,The-Oakland-Press
theolympian.com,TheOlympian
theonion.com,theonion
thepamliconews.com,
thepilot.com,The-Pilot-Newspaper
thepoliticalinsider.com,ThePoliticalInsider
thepostsearchlight.com,thepostsearchlight
thepress.net,thepress.net
theprogressnews.com,The-Progress-1505167303108510
theprovince.com,TheProvince
thepublicopinion.com,PublicOpinionSD
therealnews.com,therealnews
therecordherald.com,therecordheraldwaynesboro
thereminder.com,ReminderPublications
thereporteronline.com,lansreporter
therepublic.com,TheRepublicNews
theresurgent.com,theresurgent
theridgefieldpress.com,RidgefieldPress
therightscoop.com,trscoop
theroot.com,theRoot
thesalemnewsonline.com,TheSalemNews
thesalinepost.com,TheSalinePost
thescottishsun.co.uk,thescottishsun
thesouthern.com,southernillinoisan
thespectrum.com,TheSpectrumNews
thestar.com,torontostar
thestarpress.com,thestarpress
thestate.com,thestatenews
thestranger.com,strangerseattle
thestreet.com,TheStreet
thesun.co.uk,thesun
thesunchronicle.com,TheSunChronicle
thetahoeweekly.com,thetahoeweekly
thetandd.com,TheTandD
thetelegraph.com,telegraphnews
thetimes-tribune.com,thetimestribune
thetimes.co.uk,timesandsundaytimes
thetimesherald.com,thetimesherald
thetimesnews.com,TimesNewsBurlington
thetimestribune.com,timestribune.newspaper
thetimesweekly.com,TheTimesWeekly
thetowntalk.com,TheTownTalk
theunion.com,theuniongrassvalley
thevalleychronicle.com,thevalleychronicle
thevidette.com,TheVidette
thevillager.com,thevillagernewyork
thevillagereporter.com,villagereporter
thewashingtondailynews.com,The-Washington-Daily-News
theweek.com,theweek
thewesterlysun.com,TheWesterlySun
thewindhameagle.com,TheWindhamEagle
theworldlink.com,theworldnewspaper
thinkprogress.org,thinkprogress
thisweeknews.com,ThisWeekNews
tillamookheadlightherald.com,tillamookheadlightherald
time.com,time
times-gazette.com,timesgazette
times-herald.com,The-Newnan-Times-Herald
times-journal.com,timesjournal
times-news.com,CumberlandTimesNews
times-standard.com,TimesStandard
timesargus.com,timesargus
timesbulletin.com,Times-Bulletin-Media
timescall.com,LongmontTimesCall
timescolonist.com,timescolonist
timesdaily.com,timesdaily
timesfreepress.com,timesfreepress
timesgazette.com,TheTimesGazette
timesherald.com,TimesHeraldPA
timesheraldonline.com,timesherald
timesleader.com,timesleader
timesnews.net,timesnews
timesonline.com,beavercountytimes
timesrecord.com,TheTimesRecord
timesreporter.com,timesreporter
timesrepublican.com,TimesRepublican
timesreview.com,theriverheadnewsreview
timestelegram.com,timestelegram
timesunion.com,albanytimesunion
timesuniononline.com,Times-Union-Warsaw
timeswv.com,timeswv
titusvilleherald.com,The-Titusville-Herald
tnonline.com,Times-News-Lehighton-Sports
toacorn.com,thousandoaksacorn
toledoblade.com,thetoledoblade
tonganoxiemirror.com,TonganoxieMirror
topix.com,
townhall.com,townhallcom
towntopics.com,towntopics
trentonian.com,Trentonian
tri-cityherald.com,TriCityHerald1
trib.com,CASTribune
tribdem.com,The-Tribune-Democrat
triblive.com,triblive
tribstar.com,tribstar
tribtoday.com,TribuneChronicle
tribune-georgian.com,Tribune-Georgian
tribuneledgernews.com,cherokeetribune
tricornernews.com,thelakevillejournal
trumbulltimes.com,TrumbullTimes
truth-out.org,truthout
truthdig.com,Truthdig
tucson.com,ArizonaDailyStar
tucsonweekly.com,tucsonweekly
tullahomanews.com,The-Tullahoma-News
tulsaworld.com,BALedger
turlockjournal.com,turlockjournal
tuscaloosanews.com,tuscnews
twincities.com,PioneerPress
twistity.com,Twistity
twitchy.com,TeamTwitchy
tylerpaper.com,tylerpaper
tytnetwork.com,TheYoungTurks
ukiahdailyjournal.com,The-Ukiah-Daily-Journal
unionleader.com,UnionLeader
unionrecorder.com,unionrecorder
universalhub.com,universalhub
univision.com,univision
upi.com,UPI
usatoday.com,usatoday
usnews.com,usnewsandworldreport
uticaod.com,Mid-York-Weekly
vaildaily.com,VailNews
valdostadailytimes.com,The-Valdosta-Daily-Times
valleymorningstar.com,Valleymorningstar
vancouversun.com,VancouverSun
vanityfair.com,vanityfairmagazine
variety.com,Variety
vcstar.com,vcstar
verdenews.com,verdenews
vice.com,VICE
vicksburgpost.com,thevicksburgpost
victoriaadvocate.com,VictoriaAdvocate
villagesoup.com,
villagevoice.com,villagevoice
vindy.com,thevindicator
vineyardgazette.com,marthasvineyardgazette
virginiamn.com,Mesabi-Daily-News
visaliatimesdelta.com,vtdnews
vnews.com,Valley-News
voanews.com,voiceofamerica
voicenews.com,The-Voice-Newspapers
vox.com,Vox
vulture.com,Vulture
vvdailypress.com,vvdailypressnews
wacotrib.com,wacotrib
wadenapj.com,wadenapj
wahpetondailynews.com,WahpetonDailyNews
waitsburgtimes.com,waitsburgtimes
walkermn.com,Walker-Pilot-Independent
waltontribune.com,waltontribune
washingtoncitypaper.com,Washington-City-Paper
washingtonexaminer.com,washingtonexaminer
washingtonmonthly.com,WashingtonMonthly
washingtonpost.com,washingtonpost
washingtontimes.com,WashingtonTimescom
washtimesherald.com,washtimesherald
wataugademocrat.com,mountaintimes
watertowndailytimes.com,WDTnews
wausaudailyherald.com,wausaudailyherald
waxahachietx.com,waxahachiedailylight
wayneindependent.com,TheWayneIndependent
waynepost.com,waynepostnewspaper
wcexaminer.com,wcexaminer
wcfcourier.com,wcfcourier
wcpo.com,WCPO9
wctrib.com,westcentraltribune
wdtimes.com,Watertown-Daily-Times
weatherforddemocrat.com,WfordDemo
webstercountycitizen.com,Webster-County-Citizen
weeklycitizen.com,WeeklyCitizen
weeklystandard.com,weeklystandard
weeklyview.net,
weirtondailytimes.com,WeirtonDailyTimes
wellsvilledaily.com,wellsville.newspaper
westbendnews.net,westbendnewspaper
westernjournal.com,WesternJournal
westfaironline.com,WestfairOnline
westfargopioneer.com,westfargopioneer
westhawaiitoday.com,westhawaiitoday
westkentuckystar.com,WestKentuckyStar
westmilfordmessenger.com,wmmnews
westplainsdailyquill.net,West.Plains.Daily.Quill
westport-news.com,westportnews
westsherburnetribune.com,West-SherburneClearwater-Tribune-162972953716630
westword.com,denverwestword
whidbeynewstimes.com,WhidbeyNews
whig.com,WhigNews
whittierdailynews.com,whittierdailynews
wickedlocal.com,WickedLocal
willcoxrangenews.com,willcoxnews
williamsondailynews.com,Williamson-Daily-News
williamsonherald.com,WilliamsonHerald
wilsonpost.com,TheWilsonPost
wiltonbulletin.com,WiltonBulletin
winchesterstar.com,The-Winchester-Star
windomnews.com,cccitizen
winnipegfreepress.com,
winonadailynews.com,winonadailynews
wintersetmadisonian.com,wintersetmadisoniannewspaper
wired.com,wired
wiscnews.com,BarabooNewsRepublic
wisedime.com,thewisedime
wmicentral.com,wmicentral
wn.com,WNLive
wnd.com,
wnewsj.com,wnewsj
worldpoliticsreview.com,worldpoliticsreview
worldpressphoto.org,WorldPressPhoto
wschronicle.com,WSChronicle
wsj.com,wsj
wsws.org,wsws.org
wtop.com,wtopnews
wvgazettemail.com,charlestongazettemail
wweek.com,wweek
wyomingnews.com,wtenews
xeniagazette.com,XeniaDailyGazette
yahoo.com/news,yahoonews
yakimaherald.com,yakimaheraldrepublic
yaledailynews.com,YaleDailyNews
ydr.com,YorkDailyRecord
yesweekly.com,yesweekly
ynetnews.com,
yorkdispatch.com,YorkDispatch
yorknewstimes.com,yorknewstimes
yourdailyjournal.com,The-Richmond-County-Daily-Journal
yourobserver.com,ObserverGroup
yourstephenvilletx.com,empiretribune
yoursun.com,Sun-Herald-of-Englewood
zanesvilletimesrecorder.com,ZanesvilleTimesRecorder
zip06.com,zip06